proceso,region,region_cod,zona_cod,zona,centro,centro_nombre,anio,mes,semana,dia,ancla,horario,horario_sin_asignar,real,real_real,ancla_real,horario_real,ancla_realreal,horario_realreal,tiene_realreal
Preparar NTC/NSD,PURI JEREZ,DR03,40,ANTONIO JORDÁ,4429,AVDA. EUROPA,2026,202606,202627,2026-06-29,0.0,0.0,0.0,0.0,0,0,0,0,0,1
Preparar NTC/NSD,PURI JEREZ,DR03,40,ANTONIO JORDÁ,4429,AVDA. EUROPA,2026,202606,202627,2026-06-30,15.0,18.5,0.0,9.0,11.22,6,9.5,3.78,7.28,1
Preparar NTC/NSD,PURI JEREZ,DR03,40,ANTONIO JORDÁ,4429,AVDA. EUROPA,2026,202606,202627,2026-07-01,15.0,18.5,0.0,11.5,11.87,3.5,7,3.13,6.63,1
Preparar NTC/NSD,PURI JEREZ,DR03,40,ANTONIO JORDÁ,4429,AVDA. EUROPA,2026,202606,202627,2026-07-02,15.0,26.5,0.0,14.5,11.7,0.5,12,3.3,14.8,1
Preparar NTC/NSD,PURI JEREZ,DR03,40,ANTONIO JORDÁ,4429,AVDA. EUROPA,2026,202606,202627,2026-07-03,22.0,28.5,0.0,18.5,18.62,3.5,10,3.38,9.88,1
Preparar NTC/NSD,PURI JEREZ,DR03,40,ANTONIO JORDÁ,4429,AVDA. EUROPA,2026,202606,202627,2026-07-04,22.0,28.0,0.0,16.0,16.05,6,12,5.95,11.95,1
Preparar NTC/NSD,PURI JEREZ,DR03,40,ANTONIO JORDÁ,4429,AVDA. EUROPA,2026,202606,202627,2026-07-05,0.0,0.0,0.0,0.0,0,0,0,0,0,1
Preparar NTC/NSD,PURI JEREZ,DR03,40,ANTONIO JORDÁ,4429,AVDA. EUROPA,2026,202607,202628,2026-07-06,22.0,29.5,0.0,16.5,17.25,5.5,13,4.75,12.25,1
Preparar NTC/NSD,PURI JEREZ,DR03,40,ANTONIO JORDÁ,4429,AVDA. EUROPA,2026,202607,202628,2026-07-07,22.0,27.5,0.0,19.0,22.07,3,8.5,-0.07,5.43,1
Preparar NTC/NSD,PURI JEREZ,DR03,40,ANTONIO JORDÁ,4429,AVDA. EUROPA,2026,202607,202628,2026-07-08,22.0,26.5,0.0,16.5,19,5.5,10,3,7.5,1
Preparar NTC/NSD,PURI JEREZ,DR03,40,ANTONIO JORDÁ,4429,AVDA. EUROPA,2026,202607,202628,2026-07-09,22.0,26.5,0.0,17.0,17.65,5,9.5,4.35,8.85,1
Preparar NTC/NSD,PURI JEREZ,DR03,40,ANTONIO JORDÁ,4429,AVDA. EUROPA,2026,202607,202628,2026-07-10,22.0,33.0,0.0,20.5,22.53,1.5,12.5,-0.53,10.47,1
Preparar NTC/NSD,PURI JEREZ,DR03,40,ANTONIO JORDÁ,4429,AVDA. EUROPA,2026,202607,202628,2026-07-11,22.0,25.5,0.0,18.0,18.25,4,7.5,3.75,7.25,1
Preparar NTC/NSD,PURI JEREZ,DR03,40,ANTONIO JORDÁ,4429,AVDA. EUROPA,2026,202607,202628,2026-07-12,0.0,0.0,0.0,0.0,0,0,0,0,0,1
Preparar NTC/NSD,PURI JEREZ,DR03,40,ANTONIO JORDÁ,4429,AVDA. EUROPA,2026,202607,202629,2026-07-13,18.5,18.0,0.0,16.5,14.82,2,1.5,3.68,3.18,1
Preparar NTC/NSD,PURI JEREZ,DR03,40,ANTONIO JORDÁ,4429,AVDA. EUROPA,2026,202607,202629,2026-07-14,18.5,28.5,0.0,14.0,16.03,4.5,14.5,2.47,12.47,1
Preparar NTC/NSD,PURI JEREZ,DR03,40,ANTONIO JORDÁ,4429,AVDA. EUROPA,2026,202607,202629,2026-07-15,18.5,15.0,0.0,13.5,13.57,5,1.5,4.93,1.43,1
Preparar NTC/NSD,PURI JEREZ,DR03,40,ANTONIO JORDÁ,4429,AVDA. EUROPA,2026,202607,202629,2026-07-16,18.5,24.0,0.0,16.5,16.08,2,7.5,2.42,7.92,1
Preparar NTC/NSD,PURI JEREZ,DR03,40,ANTONIO JORDÁ,4429,AVDA. EUROPA,2026,202607,202629,2026-07-17,18.5,21.0,0.0,17.5,18.07,1,3.5,0.43,2.93,1
Preparar NTC/NSD,PURI JEREZ,DR03,40,ANTONIO JORDÁ,4429,AVDA. EUROPA,2026,202607,202629,2026-07-18,18.5,21.0,0.0,18.0,18.45,0.5,3,0.05,2.55,1
Preparar NTC/NSD,PURI JEREZ,DR03,40,ANTONIO JORDÁ,4429,AVDA. EUROPA,2026,202607,202629,2026-07-19,0.0,0.0,0.0,0.0,0,0,0,0,0,1
Preparar NTC/NSD,PURI JEREZ,DR03,40,ANTONIO JORDÁ,4429,AVDA. EUROPA,2026,202607,202630,2026-07-20,18.5,20.5,0.0,17.0,16.23,1.5,3.5,2.27,4.27,1
Preparar NTC/NSD,PURI JEREZ,DR03,40,ANTONIO JORDÁ,4429,AVDA. EUROPA,2026,202607,202630,2026-07-21,18.5,22.5,0.0,16.0,15.37,2.5,6.5,3.13,7.13,1
Preparar NTC/NSD,PURI JEREZ,DR03,40,ANTONIO JORDÁ,4429,AVDA. EUROPA,2026,202607,202630,2026-07-22,18.5,21.5,0.0,14.0,13.57,4.5,7.5,4.93,7.93,1
Preparar NTC/NSD,PURI JEREZ,DR03,40,ANTONIO JORDÁ,4429,AVDA. EUROPA,2026,202607,202630,2026-07-23,18.5,19.0,0.0,15.0,12.97,3.5,4,5.53,6.03,1
Preparar NTC/NSD,PURI JEREZ,DR03,40,ANTONIO JORDÁ,4429,AVDA. EUROPA,2026,202607,202630,2026-07-24,18.5,25.0,0.0,16.5,18.12,2,8.5,0.38,6.88,1
Preparar NTC/NSD,PURI JEREZ,DR03,40,ANTONIO JORDÁ,4429,AVDA. EUROPA,2026,202607,202630,2026-07-25,18.5,23.5,0.0,18.5,19.1,0,5,-0.6,4.4,1
Preparar NTC/NSD,PURI JEREZ,DR03,40,ANTONIO JORDÁ,4429,AVDA. EUROPA,2026,202607,202630,2026-07-26,0.0,0.0,0.0,0.0,0,0,0,0,0,1
Preparar NTC/NSD,PURI JEREZ,DR03,40,ANTONIO JORDÁ,4429,AVDA. EUROPA,2026,202607,202631,2026-07-27,22.0,28.0,0.0,22.0,27.62,0,6,-5.62,0.38,1
Preparar NTC/NSD,PURI JEREZ,DR03,40,ANTONIO JORDÁ,4429,AVDA. EUROPA,2026,202607,202631,2026-07-28,22.0,25.0,0.0,21.0,23.67,1,4,-1.67,1.33,1
Preparar NTC/NSD,PURI JEREZ,DR03,40,ANTONIO JORDÁ,4429,AVDA. EUROPA,2026,202607,202631,2026-07-29,22.0,24.0,0.0,16.5,17.95,5.5,7.5,4.05,6.05,1
Preparar NTC/NSD,PURI JEREZ,DR03,40,ANTONIO JORDÁ,4429,AVDA. EUROPA,2026,202607,202631,2026-07-30,22.0,31.5,0.0,22.5,24.13,-0.5,9,-2.13,7.37,1
Preparar NTC/NSD,PURI JEREZ,DR03,40,ANTONIO JORDÁ,4429,AVDA. EUROPA,2026,202607,202631,2026-07-31,22.0,33.0,0.0,21.0,22.92,1,12,-0.92,10.08,1
Preparar NTC/NSD,PURI JEREZ,DR03,40,ANTONIO JORDÁ,4429,AVDA. EUROPA,2026,202607,202631,2026-08-01,22.0,26.0,0.0,26.0,26.07,-4,0,-4.07,-0.07,1
Preparar NTC/NSD,PURI JEREZ,DR03,40,ANTONIO JORDÁ,4429,AVDA. EUROPA,2026,202607,202631,2026-08-02,0.0,0.0,0.0,0.0,0,0,0,0,0,1
Preparar NTC/NSD,PURI JEREZ,DR03,40,ANTONIO JORDÁ,4429,AVDA. EUROPA,2026,202608,202632,2026-08-03,22.0,31.5,0.0,26.5,28.45,-4.5,5,-6.45,3.05,1
Preparar NTC/NSD,PURI JEREZ,DR03,40,ANTONIO JORDÁ,4429,AVDA. EUROPA,2026,202608,202632,2026-08-04,22.0,26.5,0.0,20.5,21.83,1.5,6,0.17,4.67,1
Preparar NTC/NSD,PURI JEREZ,DR03,40,ANTONIO JORDÁ,4429,AVDA. EUROPA,2026,202608,202632,2026-08-05,22.0,26.0,0.0,21.5,22.42,0.5,4.5,-0.42,3.58,1
Preparar NTC/NSD,PURI JEREZ,DR03,40,ANTONIO JORDÁ,4429,AVDA. EUROPA,2026,202608,202632,2026-08-06,22.0,20.5,0.0,21.5,23.72,0.5,-1,-1.72,-3.22,1
Preparar NTC/NSD,PURI JEREZ,DR03,40,ANTONIO JORDÁ,4429,AVDA. EUROPA,2026,202608,202632,2026-08-07,22.0,22.0,0.0,20.0,21.42,2,2,0.58,0.58,1
Preparar NTC/NSD,PURI JEREZ,DR03,40,ANTONIO JORDÁ,4429,AVDA. EUROPA,2026,202608,202632,2026-08-08,22.0,24.0,0.0,23.0,24.13,-1,1,-2.13,-0.13,1
Preparar NTC/NSD,PURI JEREZ,DR03,40,ANTONIO JORDÁ,4429,AVDA. EUROPA,2026,202608,202632,2026-08-09,0.0,0.0,0.0,0.0,0,0,0,0,0,1
Repartir NTC/NSD,PURI JEREZ,DR03,40,ANTONIO JORDÁ,4429,AVDA. EUROPA,2026,202606,202627,2026-06-29,0.0,0.0,0.0,0.0,0,0,0,0,0,1
Repartir NTC/NSD,PURI JEREZ,DR03,40,ANTONIO JORDÁ,4429,AVDA. EUROPA,2026,202606,202627,2026-06-30,12.0,12.0,0.0,9.5,5.1,2.5,2.5,6.9,6.9,1
Repartir NTC/NSD,PURI JEREZ,DR03,40,ANTONIO JORDÁ,4429,AVDA. EUROPA,2026,202606,202627,2026-07-01,12.0,12.5,0.0,9.5,9.29,2.5,3,2.71,3.21,1
Repartir NTC/NSD,PURI JEREZ,DR03,40,ANTONIO JORDÁ,4429,AVDA. EUROPA,2026,202606,202627,2026-07-02,12.0,15.0,0.0,8.0,13.8,4,7,-1.8,1.2,1
Repartir NTC/NSD,PURI JEREZ,DR03,40,ANTONIO JORDÁ,4429,AVDA. EUROPA,2026,202606,202627,2026-07-03,23.5,26.0,0.0,17.5,23.58,6,8.5,-0.08,2.42,1
Repartir NTC/NSD,PURI JEREZ,DR03,40,ANTONIO JORDÁ,4429,AVDA. EUROPA,2026,202606,202627,2026-07-04,23.5,25.0,0.0,16.5,22.6,7,8.5,0.9,2.4,1
Repartir NTC/NSD,PURI JEREZ,DR03,40,ANTONIO JORDÁ,4429,AVDA. EUROPA,2026,202606,202627,2026-07-05,0.0,0.0,0.0,0.0,0,0,0,0,0,1
Repartir NTC/NSD,PURI JEREZ,DR03,40,ANTONIO JORDÁ,4429,AVDA. EUROPA,2026,202607,202628,2026-07-06,23.5,25.0,0.0,15.5,24.54,8,9.5,-1.04,0.46,1
Repartir NTC/NSD,PURI JEREZ,DR03,40,ANTONIO JORDÁ,4429,AVDA. EUROPA,2026,202607,202628,2026-07-07,23.5,25.0,0.0,16.5,21.73,7,8.5,1.77,3.27,1
Repartir NTC/NSD,PURI JEREZ,DR03,40,ANTONIO JORDÁ,4429,AVDA. EUROPA,2026,202607,202628,2026-07-08,23.5,25.5,0.0,17.0,21.35,6.5,8.5,2.15,4.15,1
Repartir NTC/NSD,PURI JEREZ,DR03,40,ANTONIO JORDÁ,4429,AVDA. EUROPA,2026,202607,202628,2026-07-09,23.5,26.5,0.0,14.5,19.92,9,12,3.58,6.58,1
Repartir NTC/NSD,PURI JEREZ,DR03,40,ANTONIO JORDÁ,4429,AVDA. EUROPA,2026,202607,202628,2026-07-10,23.5,27.5,0.0,20.0,23.51,3.5,7.5,-0.01,3.99,1
Repartir NTC/NSD,PURI JEREZ,DR03,40,ANTONIO JORDÁ,4429,AVDA. EUROPA,2026,202607,202628,2026-07-11,23.5,24.0,0.0,16.5,20.91,7,7.5,2.59,3.09,1
Repartir NTC/NSD,PURI JEREZ,DR03,40,ANTONIO JORDÁ,4429,AVDA. EUROPA,2026,202607,202628,2026-07-12,0.0,0.0,0.0,0.0,0,0,0,0,0,1
Repartir NTC/NSD,PURI JEREZ,DR03,40,ANTONIO JORDÁ,4429,AVDA. EUROPA,2026,202607,202629,2026-07-13,18.0,19.5,0.0,14.0,19.76,4,5.5,-1.76,-0.26,1
Repartir NTC/NSD,PURI JEREZ,DR03,40,ANTONIO JORDÁ,4429,AVDA. EUROPA,2026,202607,202629,2026-07-14,18.0,19.0,0.0,15.0,19.37,3,4,-1.37,-0.37,1
Repartir NTC/NSD,PURI JEREZ,DR03,40,ANTONIO JORDÁ,4429,AVDA. EUROPA,2026,202607,202629,2026-07-15,18.0,26.0,0.0,12.5,15.87,5.5,13.5,2.13,10.13,1
Repartir NTC/NSD,PURI JEREZ,DR03,40,ANTONIO JORDÁ,4429,AVDA. EUROPA,2026,202607,202629,2026-07-16,18.0,19.5,0.0,11.0,17.74,7,8.5,0.26,1.76,1
Repartir NTC/NSD,PURI JEREZ,DR03,40,ANTONIO JORDÁ,4429,AVDA. EUROPA,2026,202607,202629,2026-07-17,18.0,19.5,0.0,17.5,19.29,0.5,2,-1.29,0.21,1
Repartir NTC/NSD,PURI JEREZ,DR03,40,ANTONIO JORDÁ,4429,AVDA. EUROPA,2026,202607,202629,2026-07-18,18.0,19.5,0.0,16.0,19.34,2,3.5,-1.34,0.16,1
Repartir NTC/NSD,PURI JEREZ,DR03,40,ANTONIO JORDÁ,4429,AVDA. EUROPA,2026,202607,202629,2026-07-19,0.0,0.0,0.0,0.0,0,0,0,0,0,1
Repartir NTC/NSD,PURI JEREZ,DR03,40,ANTONIO JORDÁ,4429,AVDA. EUROPA,2026,202607,202630,2026-07-20,18.0,19.5,0.0,14.5,18.52,3.5,5,-0.52,0.98,1
Repartir NTC/NSD,PURI JEREZ,DR03,40,ANTONIO JORDÁ,4429,AVDA. EUROPA,2026,202607,202630,2026-07-21,18.0,19.0,0.0,17.0,20.06,1,2,-2.06,-1.06,1
Repartir NTC/NSD,PURI JEREZ,DR03,40,ANTONIO JORDÁ,4429,AVDA. EUROPA,2026,202607,202630,2026-07-22,18.0,19.5,0.0,13.5,18.48,4.5,6,-0.48,1.02,1
Repartir NTC/NSD,PURI JEREZ,DR03,40,ANTONIO JORDÁ,4429,AVDA. EUROPA,2026,202607,202630,2026-07-23,18.0,21.0,0.0,11.0,16.74,7,10,1.26,4.26,1
Repartir NTC/NSD,PURI JEREZ,DR03,40,ANTONIO JORDÁ,4429,AVDA. EUROPA,2026,202607,202630,2026-07-24,18.0,19.5,0.0,16.5,13.36,1.5,3,4.64,6.14,1
Repartir NTC/NSD,PURI JEREZ,DR03,40,ANTONIO JORDÁ,4429,AVDA. EUROPA,2026,202607,202630,2026-07-25,18.0,18.5,0.0,14.5,18.38,3.5,4,-0.38,0.12,1
Repartir NTC/NSD,PURI JEREZ,DR03,40,ANTONIO JORDÁ,4429,AVDA. EUROPA,2026,202607,202630,2026-07-26,0.0,0.0,0.0,0.0,0,0,0,0,0,1
Repartir NTC/NSD,PURI JEREZ,DR03,40,ANTONIO JORDÁ,4429,AVDA. EUROPA,2026,202607,202631,2026-07-27,23.5,27.0,0.0,21.0,26.25,2.5,6,-2.75,0.75,1
Repartir NTC/NSD,PURI JEREZ,DR03,40,ANTONIO JORDÁ,4429,AVDA. EUROPA,2026,202607,202631,2026-07-28,23.5,26.5,0.0,21.5,28.85,2,5,-5.35,-2.35,1
Repartir NTC/NSD,PURI JEREZ,DR03,40,ANTONIO JORDÁ,4429,AVDA. EUROPA,2026,202607,202631,2026-07-29,23.5,25.0,0.0,15.0,18.56,8.5,10,4.94,6.44,1
Repartir NTC/NSD,PURI JEREZ,DR03,40,ANTONIO JORDÁ,4429,AVDA. EUROPA,2026,202607,202631,2026-07-30,23.5,25.0,0.0,19.0,25.57,4.5,6,-2.07,-0.57,1
Repartir NTC/NSD,PURI JEREZ,DR03,40,ANTONIO JORDÁ,4429,AVDA. EUROPA,2026,202607,202631,2026-07-31,23.5,24.0,0.0,19.5,24.74,4,4.5,-1.24,-0.74,1
Repartir NTC/NSD,PURI JEREZ,DR03,40,ANTONIO JORDÁ,4429,AVDA. EUROPA,2026,202607,202631,2026-08-01,14.0,24.0,0.0,18.0,23.83,-4,6,-9.83,0.17,1
Repartir NTC/NSD,PURI JEREZ,DR03,40,ANTONIO JORDÁ,4429,AVDA. EUROPA,2026,202607,202631,2026-08-02,0.0,0.0,0.0,0.0,0,0,0,0,0,1
Repartir NTC/NSD,PURI JEREZ,DR03,40,ANTONIO JORDÁ,4429,AVDA. EUROPA,2026,202608,202632,2026-08-03,23.5,25.0,0.0,20.0,24.72,3.5,5,-1.22,0.28,1
Repartir NTC/NSD,PURI JEREZ,DR03,40,ANTONIO JORDÁ,4429,AVDA. EUROPA,2026,202608,202632,2026-08-04,23.5,25.0,0.0,20.5,24.4,3,4.5,-0.9,0.6,1
Repartir NTC/NSD,PURI JEREZ,DR03,40,ANTONIO JORDÁ,4429,AVDA. EUROPA,2026,202608,202632,2026-08-05,23.5,27.5,0.0,21.5,25.51,2,6,-2.01,1.99,1
Repartir NTC/NSD,PURI JEREZ,DR03,40,ANTONIO JORDÁ,4429,AVDA. EUROPA,2026,202608,202632,2026-08-06,23.5,28.5,0.0,20.0,24.48,3.5,8.5,-0.98,4.02,1
Repartir NTC/NSD,PURI JEREZ,DR03,40,ANTONIO JORDÁ,4429,AVDA. EUROPA,2026,202608,202632,2026-08-07,23.5,28.0,0.0,20.5,24.12,3,7.5,-0.62,3.88,1
Repartir NTC/NSD,PURI JEREZ,DR03,40,ANTONIO JORDÁ,4429,AVDA. EUROPA,2026,202608,202632,2026-08-08,23.5,26.0,0.0,20.0,24.63,3.5,6,-1.13,1.37,1
Repartir NTC/NSD,PURI JEREZ,DR03,40,ANTONIO JORDÁ,4429,AVDA. EUROPA,2026,202608,202632,2026-08-09,0.0,0.0,0.0,0.0,0,0,0,0,0,1